,comment,blacklist_suggestions,story_coherence,readability,rating_time,warm_up,user_suggestions,story_edit,story_old,implicit_fact_check,context_realization,false_gender,false_mood,topic_met,matches_style_tone,spelling_and_grammar,info_consistency,matches_fandom,positive_comment,positive_example,negative_comment,negative_example,implicit_fc_comment,implicit_fc_example,positive_comment_topic,negative_comment_topic,story_id,listvalue,story_group,length,topk,temperature,likelihood_score,hash,version,amount_fallbacks,duration_generation,dur_score,user,date,avg_rating
0,-1,-1,100,100,11:20,1,-1,-1,-1,-1,-1,-1,-1,100,100,100,100,-1,-1,-1,-1,-1,-1,-1,-1,-1,107875,2,,,,,,243,,,,,12807,2022-10-13 17:37:07,100.0
1,-1,-1,100,100,11:40,1,-1,-1,-1,-1,-1,-1,-1,100,100,100,100,-1,-1,-1,-1,-1,-1,-1,-1,-1,107768,6,,,,,,136,,,,,12807,2022-10-13 17:48:49,100.0
2,-1,-1,100,100,10:42,1,-1,-1,-1,-1,-1,-1,-1,75,100,100,100,-1,-1,-1,-1,-1,-1,-1,-1,-1,107982,3,,,,,,350,,,,,12807,2022-10-13 17:59:33,95.83333333333333
3,-1,-1,75,100,10:8,1,-1,-1,-1,-1,-1,-1,-1,100,100,100,100,-1,-1,-1,-1,-1,-1,-1,-1,-1,107653,4,,,,,,21,,,,,12807,2022-10-13 18:09:43,95.83333333333333
4,-1,-1,75,100,13:47,0,-1,-1,-1,-1,-1,-1,-1,100,100,100,100,-1,-1,-1,-1,-1,-1,-1,-1,-1,107858,1,,,,,,226,,,,,12807,2022-10-13 18:23:33,95.83333333333333
5,-1,-1,100,100,7:8,0,-1,-1,-1,-1,-1,-1,-1,100,100,100,100,-1,-1,-1,-1,-1,-1,-1,-1,-1,107733,5,,,,,,101,,,,,12807,2022-10-13 18:30:43,100.0
6,-1,-1,100,100,1:30,1,-1,-1,-1,-1,-1,-1,-1,75,100,100,100,-1,-1,-1,-1,-1,-1,-1,-1,-1,107753,6,,,,,,121,,,,,12805,2022-10-13 18:31:14,95.83333333333333
7,-1,-1,100,100,3:49,1,-1,-1,-1,-1,-1,-1,-1,75,100,90,75,-1,-1,-1,-1,-1,-1,-1,-1,-1,107865,1,,,,,,233,,,,,12805,2022-10-13 18:35:05,90.0
8,-1,-1,100,100,2:50,1,-1,-1,-1,-1,-1,-1,-1,100,100,100,100,-1,-1,-1,-1,-1,-1,-1,-1,-1,107972,3,,,,,,340,,,,,12805,2022-10-13 18:37:57,100.0
9,-1,-1,75,75,3:22,1,-1,-1,-1,-1,-1,-1,-1,100,100,90,100,-1,-1,-1,-1,-1,-1,-1,-1,-1,107657,4,,,,,,25,,,,,12805,2022-10-13 18:41:20,90.0
10,-1,-1,100,100,2:36,0,-1,-1,-1,-1,-1,-1,-1,100,100,100,100,-1,-1,-1,-1,-1,-1,-1,-1,-1,107915,2,,,,,,283,,,,,12805,2022-10-13 18:43:58,100.0
11,-1,-1,100,100,15:14,0,-1,-1,-1,-1,-1,-1,-1,100,100,100,100,-1,-1,-1,-1,-1,-1,-1,-1,-1,107959,3,,,,,,327,,,,,12807,2022-10-13 18:45:59,100.0
12,-1,-1,100,100,7:7,0,-1,-1,-1,-1,-1,-1,-1,100,100,100,100,-1,-1,-1,-1,-1,-1,-1,-1,-1,107880,2,,,,,,248,,,,,12807,2022-10-13 18:53:07,100.0
13,-1,-1,100,100,10:49,0,-1,-1,-1,-1,-1,-1,-1,100,100,100,100,-1,-1,-1,-1,-1,-1,-1,-1,-1,107721,5,,,,,,89,,,,,12805,2022-10-13 18:54:48,100.0
14,-1,-1,100,100,1:44,0,-1,-1,-1,-1,-1,-1,-1,100,100,100,100,-1,-1,-1,-1,-1,-1,-1,-1,-1,107903,2,,,,,,271,,,,,12805,2022-10-13 18:56:39,100.0
15,-1,-1,100,75,5:35,0,-1,-1,-1,-1,-1,-1,-1,75,100,100,75,-1,-1,-1,-1,-1,-1,-1,-1,-1,107992,3,,,,,,360,,,,,12805,2022-10-13 19:02:16,87.5
16,the horoscope jumps from 2018 to 2021,-1,75,75,2:11,0,-1,-1,-1,-1,-1,-1,-1,100,100,100,75,-1,-1,-1,-1,-1,-1,-1,-1,-1,107761,6,,,,,,129,,,,,12805,2022-10-13 19:04:29,87.5
17,-1,-1,100,100,1:5,0,-1,-1,-1,-1,-1,-1,-1,100,100,100,100,-1,-1,-1,-1,-1,-1,-1,-1,-1,107723,5,,,,,,91,,,,,12805,2022-10-13 19:05:39,100.0
18,-1,-1,75,100,1:29,0,-1,-1,-1,-1,-1,-1,-1,75,100,100,75,-1,-1,-1,-1,-1,-1,-1,-1,-1,107856,1,,,,,,224,,,,,12805,2022-10-13 19:07:19,87.5
19,The Input instructs &quot;year&quot; but the Output describes the month November,-1,75,75,16:45,0,-1,-1,-1,-1,-1,-1,-1,75,100,100,75,-1,-1,-1,-1,-1,-1,-1,-1,-1,107792,6,,,,,,160,,,,,12807,2022-10-13 19:09:54,83.33333333333333
20,-1,-1,100,75,8:30,0,-1,-1,-1,-1,-1,-1,-1,100,100,100,100,-1,-1,-1,-1,-1,-1,-1,-1,-1,107684,4,,,,,,52,,,,,12807,2022-10-13 19:18:27,95.83333333333333
21,-1,-1,100,100,16:56,0,-1,-1,-1,-1,-1,-1,-1,100,100,100,100,-1,-1,-1,-1,-1,-1,-1,-1,-1,107722,5,,,,,,90,,,,,12807,2022-10-13 19:35:25,100.0
22,-1,-1,75,100,24:1,1,-1,-1,-1,-1,-1,-1,-1,75,75,90,100,-1,-1,-1,-1,-1,-1,-1,-1,-1,107848,1,,,,,,216,,,,,12809,2022-10-13 21:17:08,85.83333333333333
23,-1,-1,100,100,2:58,1,-1,-1,-1,-1,-1,-1,-1,100,100,90,100,-1,-1,-1,-1,-1,-1,-1,-1,-1,107714,5,,,,,,82,,,,,12809,2022-10-13 21:20:07,98.33333333333333
24,Very up and down in terms of better/worse health issues&comma; which is a little confusing for the reader. This is also making the style of reading a little too jumpy,-1,75,75,11:2,1,-1,-1,-1,-1,-1,-1,-1,100,75,100,75,-1,-1,-1,-1,-1,-1,-1,-1,-1,107686,4,,,,,,54,,,,,12809,2022-10-13 21:31:11,83.33333333333333
25,-1,-1,100,100,10:34,1,-1,-1,-1,-1,-1,-1,-1,100,100,100,100,-1,-1,-1,-1,-1,-1,-1,-1,-1,107873,2,,,,,,241,,,,,12809,2022-10-13 21:41:47,100.0
26,The last sentence is stylistically weaker,-1,100,75,5:32,0,-1,-1,-1,-1,-1,-1,-1,100,75,80,75,-1,-1,-1,-1,-1,-1,-1,-1,-1,107787,6,,,,,,155,,,,,12809,2022-10-13 21:47:20,84.16666666666667
27,-1,-1,100,100,5:15,0,-1,-1,-1,-1,-1,-1,-1,100,100,100,100,-1,-1,-1,-1,-1,-1,-1,-1,-1,107963,3,,,,,,331,,,,,12809,2022-10-13 21:52:36,100.0
28,-1,-1,100,100,6:55,0,-1,-1,-1,-1,-1,-1,-1,100,100,100,100,-1,-1,-1,-1,-1,-1,-1,-1,-1,107894,2,,,,,,262,,,,,12809,2022-10-13 21:59:32,100.0
29,-1,-1,100,50,7:34,0,-1,-1,-1,-1,-1,-1,-1,100,50,80,75,-1,-1,-1,-1,-1,-1,-1,-1,-1,107660,4,,,,,,28,,,,,12809,2022-10-13 22:07:07,75.83333333333333
30,Es werden mehrfach versch. Sternenkonstellation und Planeten genannt&comma;  die das Textverständnis erschweren bis hin zu irritieren. Inklusive Verweise auf indische Gottheiten,-1,75,50,26:39,1,-1,-1,-1,-1,-1,-1,-1,100,25,100,100,-1,-1,-1,-1,-1,-1,-1,-1,-1,107690,4,,,,,,58,,,,,12806,2022-10-14 14:26:47,75.0
31,-1,-1,100,100,15:11,1,-1,-1,-1,-1,-1,-1,-1,100,75,100,100,-1,-1,-1,-1,-1,-1,-1,-1,-1,107712,5,,,,,,80,,,,,12806,2022-10-14 14:41:59,95.83333333333333
32,-1,-1,100,75,17:50,1,-1,-1,-1,-1,-1,-1,-1,100,100,100,100,-1,-1,-1,-1,-1,-1,-1,-1,-1,107906,2,,,,,,274,,,,,12806,2022-10-14 14:59:51,95.83333333333333
33,Der Text besteht aus zwei unzusammenhängend wirkenden Textteilen (auch optisch voneinander abgegrenzt). Der erste Teil passt  mehr oder weniger zum Input.Im zweiten Teil sind eigentlich mehr oder weniger  „nur“ Gedankengänge zu Thanksgiving + xmas dargestellt; wobei die Erzählerinstanz sich auch als „I“  mit einer Anekdote einbringt.Zu Grammar:  es wird &quot;--&quot;  anstatt einem einzelnen Bindestrich verwendet,-1,25,25,29:40,1,-1,-1,-1,-1,-1,-1,-1,75,50,70,100,-1,-1,-1,-1,-1,-1,-1,-1,-1,107978,3,,,,,,346,,,,,12806,2022-10-14 15:29:32,57.5
34,Durch Verweise auf verschiedene Sternenkonstellationen  wirkt der Text inhaltlich unübersichtlich,-1,75,50,21:4,0,-1,-1,-1,-1,-1,-1,-1,100,75,100,75,-1,-1,-1,-1,-1,-1,-1,-1,-1,107843,1,,,,,,211,,,,,12806,2022-10-14 15:50:37,79.16666666666667
35,-1,-1,100,75,14:45,0,-1,-1,-1,-1,-1,-1,-1,100,100,100,100,-1,-1,-1,-1,-1,-1,-1,-1,-1,107783,6,,,,,,151,,,,,12806,2022-10-14 16:05:23,95.83333333333333
36,Inhaltlicher Sprung von 2018 zu 2023. Dieser ist meiner Meinung nach zu groß,-1,75,75,13:33,1,-1,-1,-1,-1,-1,-1,-1,100,100,80,100,-1,-1,-1,-1,-1,-1,-1,-1,-1,107757,6,,,,,,125,,,,,12806,2022-10-14 19:43:35,88.33333333333333
37,-1,-1,75,100,14:14,1,-1,-1,-1,-1,-1,-1,-1,100,75,100,100,-1,-1,-1,-1,-1,-1,-1,-1,-1,107648,4,,,,,,16,,,,,12806,2022-10-14 19:57:50,91.66666666666667
38,Gut geschrieben&comma; aber Sätze zu lang,-1,100,75,11:12,1,-1,-1,-1,-1,-1,-1,-1,100,100,100,100,-1,-1,-1,-1,-1,-1,-1,-1,-1,107904,2,,,,,,272,,,,,12806,2022-10-14 20:09:04,95.83333333333333
39,Durch Verweise auf verschiedene Sternenkonstellationen  wirkt der Text inhaltlich unübersichtlich,-1,75,75,27:38,1,-1,-1,-1,-1,-1,-1,-1,100,100,90,100,-1,-1,-1,-1,-1,-1,-1,-1,-1,107845,1,,,,,,213,,,,,12806,2022-10-14 21:40:25,90.0
40,-1,-1,100,75,11:12,1,-1,-1,-1,-1,-1,-1,-1,100,100,100,100,-1,-1,-1,-1,-1,-1,-1,-1,-1,107713,5,,,,,,81,,,,,12806,2022-10-14 21:51:38,95.83333333333333
41,Sehr ‚frisch‘ geschrieben,-1,100,100,10:37,1,-1,-1,-1,-1,-1,-1,-1,100,100,100,100,-1,-1,-1,-1,-1,-1,-1,-1,-1,107940,3,,,,,,308,,,,,12806,2022-10-14 22:02:16,100.0
42,Zu lange Sätze,-1,100,75,13:15,1,-1,-1,-1,-1,-1,-1,-1,100,100,90,100,-1,-1,-1,-1,-1,-1,-1,-1,-1,107694,5,,,,,,62,,,,,12806,2022-10-14 22:15:33,94.16666666666667
43,-1,-1,100,75,10:19,0,-1,-1,-1,-1,-1,-1,-1,75,100,100,100,-1,-1,-1,-1,-1,-1,-1,-1,-1,107753,6,,,,,,121,,,,,12806,2022-10-14 22:25:53,91.66666666666667
44,Text wirkt etwas unzusammenhängend,-1,50,50,12:31,0,-1,-1,-1,-1,-1,-1,-1,100,50,100,100,-1,-1,-1,-1,-1,-1,-1,-1,-1,107644,4,,,,,,12,,,,,12806,2022-10-14 22:38:26,75.0
45,Der zweite Teil passt  weniger gut zum Input; er passt eher zum Thema „work“&comma; obwohl auch &quot;health&quot; thematisiert ist.Text endet mit: &quot;…&quot,-1,75,75,16:37,0,-1,-1,-1,-1,-1,-1,-1,50,75,100,75,-1,-1,-1,-1,-1,-1,-1,-1,-1,107982,3,,,,,,350,,,,,12806,2022-10-14 22:55:07,75.0
46,Dem Thema entsprechend eine passende Wortwahl genutzt,-1,100,100,12:9,0,-1,-1,-1,-1,-1,-1,-1,100,100,100,100,-1,-1,-1,-1,-1,-1,-1,-1,-1,107874,2,,,,,,242,,,,,12806,2022-10-14 23:07:27,100.0
47,Zum größten Teil wirkt der Text eher wie eine Aufzählung,-1,75,50,15:38,0,-1,-1,-1,-1,-1,-1,-1,100,75,90,100,-1,-1,-1,-1,-1,-1,-1,-1,-1,107862,1,,,,,,230,,,,,12806,2022-10-14 23:23:18,81.66666666666667
48,Sehr ausführliche Beschreibung,-1,100,100,25:49,1,-1,-1,-1,-1,-1,-1,-1,100,100,90,100,-1,-1,-1,-1,-1,-1,-1,-1,-1,107756,6,,,,,,124,,,,,12806,2022-10-14 23:49:52,98.33333333333333
49,-1,-1,100,50,11:1,1,-1,-1,-1,-1,-1,-1,-1,100,100,100,100,-1,-1,-1,-1,-1,-1,-1,-1,-1,107725,5,,,,,,93,,,,,12806,2022-10-15 00:00:58,91.66666666666667
50,Die Themenbereiche  „career.+ Sociable and Eventful“  sind nicht besonders gut miteinander verbunden,-1,75,75,5:36,1,-1,-1,-1,-1,-1,-1,-1,75,100,100,100,-1,-1,-1,-1,-1,-1,-1,-1,-1,107961,3,,,,,,329,,,,,12806,2022-10-15 00:06:35,87.5
51,Die Themenbereiche  „ love. Tap Your Creativity“  sind nicht besonders gut miteinander verbunden,-1,75,75,17:10,1,-1,-1,-1,-1,-1,-1,-1,75,100,100,100,-1,-1,-1,-1,-1,-1,-1,-1,-1,107886,2,,,,,,254,,,,,12806,2022-10-15 00:23:58,87.5
52,Text wirkt etwas unzusammenhängend,-1,50,75,15:28,1,-1,-1,-1,-1,-1,-1,-1,100,75,100,75,-1,-1,-1,-1,-1,-1,-1,-1,-1,107814,1,,,,,,182,,,,,12806,2022-10-15 00:40:45,79.16666666666667
53,Im letzten Satz Wechsel von der Anrede „you“ zu  3. Person „he“.  : &quot;If he wants to take a financial risk the latter part of the year will be advantageous for him.&quot;+ Durch Verweise auf verschiedene Sternenkonstellationen  wirkt der Text inhaltlich unübersichtlich,-1,75,75,18:51,1,-1,-1,-1,-1,-1,-1,-1,100,75,90,100,-1,-1,-1,-1,-1,-1,-1,-1,-1,107679,4,,,,,,47,,,,,12806,2022-10-15 18:19:50,85.83333333333333
54,-1,-1,100,75,20:12,1,-1,-1,-1,-1,-1,-1,-1,100,75,100,100,-1,-1,-1,-1,-1,-1,-1,-1,-1,107842,1,,,,,,210,,,,,12806,2022-10-15 18:40:03,91.66666666666667
55,Teilweise zu lange Sätze,-1,100,75,13:47,1,-1,-1,-1,-1,-1,-1,-1,100,100,100,100,-1,-1,-1,-1,-1,-1,-1,-1,-1,107967,3,,,,,,335,,,,,12806,2022-10-15 18:53:52,95.83333333333333
56,Durch Verweise auf verschiedene Sternenkonstellationen  wirkt der Text inhaltlich unübersichtlich. Zusätzlich durch die mehrfache und wiederholte Nennung von den verschiedenen  &#039;astrologischen Häuser&#039; wie &quot;the fifth house&quot; sowie &quot;Rahu&quot,-1,50,75,25:54,1,-1,-1,-1,-1,-1,-1,-1,100,100,100,100,-1,-1,-1,-1,-1,-1,-1,-1,-1,107640,4,,,,,,8,,,,,12806,2022-10-15 19:19:47,87.5
57,-1,-1,75,50,6:14,1,-1,-1,-1,-1,-1,-1,-1,100,100,90,100,-1,-1,-1,-1,-1,-1,-1,-1,-1,107641,4,,,,,,9,,,,,12805,2022-10-16 23:40:31,85.83333333333333
58,Unnecessary quotation marks,-1,100,100,2:39,1,-1,-1,-1,-1,-1,-1,-1,100,100,90,100,-1,-1,-1,-1,-1,-1,-1,-1,-1,107796,6,,,,,,164,,,,,12805,2022-10-16 23:43:11,98.33333333333333
59,-1,-1,100,100,1:44,1,-1,-1,-1,-1,-1,-1,-1,100,100,100,100,-1,-1,-1,-1,-1,-1,-1,-1,-1,107727,5,,,,,,95,,,,,12805,2022-10-16 23:44:56,100.0
60,-1,-1,100,75,2:20,1,-1,-1,-1,-1,-1,-1,-1,100,100,100,100,-1,-1,-1,-1,-1,-1,-1,-1,-1,107678,4,,,,,,46,,,,,12805,2022-10-16 23:47:18,95.83333333333333
61,-1,-1,100,100,1:14,0,-1,-1,-1,-1,-1,-1,-1,100,100,90,100,-1,-1,-1,-1,-1,-1,-1,-1,-1,107917,2,,,,,,285,,,,,12805,2022-10-16 23:48:33,98.33333333333333
62,the zodiac sign not addressed,-1,100,100,2:21,0,-1,-1,-1,-1,-1,-1,-1,75,100,100,75,-1,-1,-1,-1,-1,-1,-1,-1,-1,107870,1,,,,,,238,,,,,12805,2022-10-16 23:50:56,91.66666666666667
63,-1,-1,100,100,1:26,0,-1,-1,-1,-1,-1,-1,-1,100,100,100,100,-1,-1,-1,-1,-1,-1,-1,-1,-1,107975,3,,,,,,343,,,,,12805,2022-10-16 23:52:24,100.0
64,-1,-1,100,100,1:5,0,-1,-1,-1,-1,-1,-1,-1,100,100,100,100,-1,-1,-1,-1,-1,-1,-1,-1,-1,107742,5,,,,,,110,,,,,12805,2022-10-16 23:53:37,100.0
65,-1,-1,100,100,0:47,0,-1,-1,-1,-1,-1,-1,-1,100,100,100,100,-1,-1,-1,-1,-1,-1,-1,-1,-1,107673,4,,,,,,41,,,,,12805,2022-10-16 23:54:26,100.0
66,-1,-1,100,100,1:8,0,-1,-1,-1,-1,-1,-1,-1,100,100,100,50,-1,-1,-1,-1,-1,-1,-1,-1,-1,107788,6,,,,,,156,,,,,12805,2022-10-16 23:55:35,91.66666666666667
67,-1,-1,100,100,1:19,0,-1,-1,-1,-1,-1,-1,-1,100,100,100,100,-1,-1,-1,-1,-1,-1,-1,-1,-1,107873,2,,,,,,241,,,,,12805,2022-10-16 23:57:01,100.0
68,Gute Wortwahl und gut formuliert,-1,100,100,10:39,1,-1,-1,-1,-1,-1,-1,-1,100,100,90,100,-1,-1,-1,-1,-1,-1,-1,-1,-1,107902,2,,,,,,270,,,,,12806,2022-10-20 14:27:44,98.33333333333333
69,Nicht aktuell&comma; das genannte vorhergehende Jahr ist 2020,-1,100,100,14:38,1,-1,-1,-1,-1,-1,-1,-1,100,75,70,100,-1,-1,-1,-1,-1,-1,-1,-1,-1,107772,6,,,,,,140,,,,,12806,2022-10-20 14:42:23,90.83333333333333
70,Gut formuliert;  dem Thema entsprechend eine passende &comma; lebendige und &quot;feurige&quot; Wortwahl genutzt,-1,100,100,17:11,1,-1,-1,-1,-1,-1,-1,-1,100,100,90,100,-1,-1,-1,-1,-1,-1,-1,-1,-1,107695,5,,,,,,63,,,,,12806,2022-10-20 14:59:36,98.33333333333333
71,Trotz  verschiedener Verweise auf andere Sternenkonstellationen ist der Text inhaltlich übersichtlich,-1,100,75,23:11,1,-1,-1,-1,-1,-1,-1,-1,100,75,100,100,-1,-1,-1,-1,-1,-1,-1,-1,-1,107850,1,,,,,,218,,,,,12806,2022-10-20 15:22:48,91.66666666666667
72,Sehr gut formuliert;  dem Thema entsprechend eine passende Wortwahl genutzt,-1,100,100,19:36,0,-1,-1,-1,-1,-1,-1,-1,100,100,100,100,-1,-1,-1,-1,-1,-1,-1,-1,-1,107724,5,,,,,,92,,,,,12806,2022-10-20 15:42:26,100.0
73,Durch Verweise auf verschiedene Sternenkonstellationen  wirkt der Text inhaltlich unübersichtlich. + Zudem ist er unübersichtlich da die Sätze sehr ‚verwurschtelt‘  und zu lange sind,-1,100,25,21:4,0,-1,-1,-1,-1,-1,-1,-1,100,50,90,100,-1,-1,-1,-1,-1,-1,-1,-1,-1,107638,4,,,,,,6,,,,,12806,2022-10-20 16:03:31,77.5
74,Es wird die Abkürzung „Sag bzw. Sags born“ für   genutzt. Die Abkürzung aber nicht im Netz gefunden&comma; deshalb hier als Fehler gewertet.+ Horoskop zu speziell&comma; es bezieht sich nur auf Personen&comma; die zwischen 1988-1990 geboren sind,-1,75,75,17:45,0,-1,-1,-1,-1,-1,-1,-1,100,100,60,100,-1,-1,-1,-1,-1,-1,-1,-1,-1,107755,6,,,,,,123,,,,,12806,2022-10-20 16:21:17,85.0
75,Text endet mit ... + Es wird &quot;--&quot; statt &quot;-&quot; genutzt.+ Zu ausführliche Schilderungen&comma; man verliert sich dadurch etwas beim Lesen,-1,75,50,24:32,0,-1,-1,-1,-1,-1,-1,-1,75,75,90,100,-1,-1,-1,-1,-1,-1,-1,-1,-1,107992,3,,,,,,360,,,,,12806,2022-10-20 16:45:51,77.5
76,-1,-1,75,75,27:8,0,-1,-1,-1,-1,-1,-1,-1,100,100,90,100,-1,-1,-1,-1,-1,-1,-1,-1,-1,107930,2,,,,,,298,,,,,12806,2022-10-20 17:13:00,90.0
77,-1,-1,100,100,7:52,1,-1,-1,-1,-1,-1,-1,-1,100,100,100,100,-1,-1,-1,-1,-1,-1,-1,-1,-1,107959,3,,,,,,327,,,,,12809,2022-10-20 17:17:55,100.0
78,-1,-1,100,75,0:48,1,-1,-1,-1,-1,-1,-1,-1,100,75,100,100,-1,-1,-1,-1,-1,-1,-1,-1,-1,107703,5,,,,,,71,,,,,12809,2022-10-20 17:18:45,91.66666666666667
79,-1,-1,75,75,3:34,1,-1,-1,-1,-1,-1,-1,-1,50,25,100,50,-1,-1,-1,-1,-1,-1,-1,-1,-1,107829,1,,,,,,197,,,,,12809,2022-10-20 17:24:32,62.5
80,-1,-1,75,75,0:56,1,-1,-1,-1,-1,-1,-1,-1,100,75,100,100,-1,-1,-1,-1,-1,-1,-1,-1,-1,107786,6,,,,,,154,,,,,12809,2022-10-20 17:25:30,87.5
81,sing,-1,100,75,2:56,1,-1,-1,-1,-1,-1,-1,-1,100,75,90,100,-1,-1,-1,-1,-1,-1,-1,-1,-1,107936,3,,,,,,304,,,,,12809,2022-10-20 17:35:00,90.0
82,Stylistically lacking and grammatically wrong: ‘this year the Gemini natives are estimated to get a good financial position in the year. ‘Overall&comma; the style of writing is making it harder to understand,-1,75,50,6:5,1,-1,-1,-1,-1,-1,-1,-1,100,75,90,100,-1,-1,-1,-1,-1,-1,-1,-1,-1,107675,4,,,,,,43,,,,,12809,2022-10-20 17:41:06,81.66666666666667
83,-1,-1,100,75,14:37,1,-1,-1,-1,-1,-1,-1,-1,100,100,90,100,-1,-1,-1,-1,-1,-1,-1,-1,-1,107835,1,,,,,,203,,,,,12809,2022-10-20 17:55:44,94.16666666666667
84,It is all positive predictions,-1,100,75,1:13,1,-1,-1,-1,-1,-1,-1,-1,100,100,100,100,-1,-1,-1,-1,-1,-1,-1,-1,-1,107707,5,,,,,,75,,,,,12809,2022-10-20 17:56:59,95.83333333333333
85,The second part  is a horoscope for saggitarius&comma; so I marked it as a bug,-1,0,0,3:43,0,-1,-1,-1,-1,-1,-1,-1,0,0,0,0,-1,-1,-1,-1,-1,-1,-1,-1,-1,107799,6,,,,,,167,,,,,12809,2022-10-20 18:00:43,0.0
86,-1,-1,100,100,3:40,0,-1,-1,-1,-1,-1,-1,-1,100,100,100,100,-1,-1,-1,-1,-1,-1,-1,-1,-1,107883,2,,,,,,251,,,,,12809,2022-10-20 18:04:24,100.0
87,-1,-1,100,100,3:1,0,-1,-1,-1,-1,-1,-1,-1,100,100,100,100,-1,-1,-1,-1,-1,-1,-1,-1,-1,107919,2,,,,,,287,,,,,12809,2022-10-20 18:07:26,100.0
88,A general news article and only the second part includes the horoscope,-1,100,50,1:18,0,-1,-1,-1,-1,-1,-1,-1,100,75,100,75,-1,-1,-1,-1,-1,-1,-1,-1,-1,107802,6,,,,,,170,,,,,12809,2022-10-20 18:08:45,83.33333333333333
89,-1,-1,75,75,12:20,1,-1,-1,-1,-1,-1,-1,-1,100,100,90,100,-1,-1,-1,-1,-1,-1,-1,-1,-1,107710,5,,,,,,78,,,,,12806,2022-10-20 18:15:24,90.0
90,-1,-1,100,75,5:58,0,-1,-1,-1,-1,-1,-1,-1,100,100,100,100,-1,-1,-1,-1,-1,-1,-1,-1,-1,107696,5,,,,,,64,,,,,12809,2022-10-20 18:31:47,95.83333333333333
91,-1,-1,100,100,2:38,0,-1,-1,-1,-1,-1,-1,-1,100,100,100,100,-1,-1,-1,-1,-1,-1,-1,-1,-1,107820,1,,,,,,188,,,,,12809,2022-10-20 18:34:26,100.0
92,Besteht aus zwei Teilen&comma; die recht unzusammenhängend zueinander wirken.+ Etwas viele Verweise auf andere Sternenkonstellationen,-1,75,75,21:46,1,-1,-1,-1,-1,-1,-1,-1,100,25,100,100,-1,-1,-1,-1,-1,-1,-1,-1,-1,107687,4,,,,,,55,,,,,12806,2022-10-20 18:37:12,79.16666666666667
93,-1,-1,75,25,4:56,0,-1,-1,-1,-1,-1,-1,-1,75,25,20,25,-1,-1,-1,-1,-1,-1,-1,-1,-1,107642,4,,,,,,10,,,,,12809,2022-10-20 18:39:23,40.833333333333336
94,-1,-1,100,100,6:43,0,-1,-1,-1,-1,-1,-1,-1,100,100,100,100,-1,-1,-1,-1,-1,-1,-1,-1,-1,107983,3,,,,,,351,,,,,12809,2022-10-20 18:46:08,100.0
95,A question and answer&comma; not a horoscope,-1,0,0,3:18,0,-1,-1,-1,-1,-1,-1,-1,0,0,0,0,-1,-1,-1,-1,-1,-1,-1,-1,-1,107797,6,,,,,,165,,,,,12809,2022-10-20 18:49:28,0.0
96,-1,-1,100,75,2:28,0,-1,-1,-1,-1,-1,-1,-1,100,75,100,75,-1,-1,-1,-1,-1,-1,-1,-1,-1,107828,1,,,,,,196,,,,,12809,2022-10-20 18:51:56,87.5
97,-1,-1,75,75,18:11,1,-1,-1,-1,-1,-1,-1,-1,100,100,100,100,-1,-1,-1,-1,-1,-1,-1,-1,-1,107857,1,,,,,,225,,,,,12806,2022-10-20 18:55:24,91.66666666666667
98,-1,-1,100,100,11:27,0,-1,-1,-1,-1,-1,-1,-1,100,100,100,100,-1,-1,-1,-1,-1,-1,-1,-1,-1,107920,2,,,,,,288,,,,,12809,2022-10-20 19:03:24,100.0
99,-1,-1,100,100,2:57,0,-1,-1,-1,-1,-1,-1,-1,100,100,100,100,-1,-1,-1,-1,-1,-1,-1,-1,-1,107691,4,,,,,,59,,,,,12809,2022-10-20 19:06:22,100.0
100,-1,-1,100,100,0:22,0,-1,-1,-1,-1,-1,-1,-1,100,100,100,100,-1,-1,-1,-1,-1,-1,-1,-1,-1,107718,5,,,,,,86,,,,,12809,2022-10-20 19:06:45,100.0
101,-1,-1,100,100,1:6,0,-1,-1,-1,-1,-1,-1,-1,100,100,100,100,-1,-1,-1,-1,-1,-1,-1,-1,-1,107935,3,,,,,,303,,,,,12809,2022-10-20 19:07:52,100.0
102,Zu viele Verweise auf andere Sternenkonstellationen und kein Bezug zu &quot;education&quot,-1,50,75,12:42,1,-1,-1,-1,-1,-1,-1,-1,0,100,100,75,-1,-1,-1,-1,-1,-1,-1,-1,-1,107778,6,,,,,,146,,,,,12806,2022-10-20 19:08:07,66.66666666666667
103,Zu viele Verweise auf andere Sternenkonstellationen und kein Bezug zu &quot;education&quot,-1,50,75,12:53,0,-1,-1,-1,-1,-1,-1,-1,0,100,100,75,-1,-1,-1,-1,-1,-1,-1,-1,-1,107778,6,,,,,,146,,,,,12806,2022-10-20 19:08:18,66.66666666666667
104,-1,-1,100,100,5:12,0,-1,-1,-1,-1,-1,-1,-1,100,100,100,100,-1,-1,-1,-1,-1,-1,-1,-1,-1,107944,3,,,,,,312,,,,,12809,2022-10-20 19:13:06,100.0
105,-1,-1,100,100,4:9,0,-1,-1,-1,-1,-1,-1,-1,100,100,100,100,-1,-1,-1,-1,-1,-1,-1,-1,-1,107700,5,,,,,,68,,,,,12809,2022-10-20 19:17:16,100.0
106,-1,-1,100,100,1:19,0,-1,-1,-1,-1,-1,-1,-1,100,100,100,100,-1,-1,-1,-1,-1,-1,-1,-1,-1,107928,2,,,,,,296,,,,,12809,2022-10-20 19:18:36,100.0
107,-1,-1,100,75,0:47,0,-1,-1,-1,-1,-1,-1,-1,100,75,100,75,-1,-1,-1,-1,-1,-1,-1,-1,-1,107635,4,,,,,,3,,,,,12809,2022-10-20 19:19:25,87.5
108,-1,-1,100,75,9:23,1,-1,-1,-1,-1,-1,-1,-1,100,50,100,100,-1,-1,-1,-1,-1,-1,-1,-1,-1,107887,2,,,,,,255,,,,,12806,2022-10-20 19:26:05,87.5
109,-1,-1,100,100,3:10,1,-1,-1,-1,-1,-1,-1,-1,100,100,100,100,-1,-1,-1,-1,-1,-1,-1,-1,-1,107869,1,,,,,,237,,,,,12807,2022-10-21 13:34:51,100.0
110,-1,-1,100,75,7:48,1,-1,-1,-1,-1,-1,-1,-1,100,100,100,100,-1,-1,-1,-1,-1,-1,-1,-1,-1,107647,4,,,,,,15,,,,,12807,2022-10-21 13:42:41,95.83333333333333
111,-1,-1,100,100,8:59,1,-1,-1,-1,-1,-1,-1,-1,100,100,100,100,-1,-1,-1,-1,-1,-1,-1,-1,-1,107807,6,,,,,,175,,,,,12807,2022-10-21 13:51:42,100.0
112,-1,-1,100,75,14:17,1,-1,-1,-1,-1,-1,-1,-1,75,100,100,100,-1,-1,-1,-1,-1,-1,-1,-1,-1,107823,1,,,,,,191,,,,,12807,2022-10-21 14:06:01,91.66666666666667
113,Trotz langer Sätze gut geschrieben,-1,100,100,13:12,1,-1,-1,-1,-1,-1,-1,-1,100,100,100,100,-1,-1,-1,-1,-1,-1,-1,-1,-1,107972,3,,,,,,340,,,,,12806,2022-10-21 14:07:07,100.0
114,-1,-1,100,75,11:18,0,-1,-1,-1,-1,-1,-1,-1,100,100,90,100,-1,-1,-1,-1,-1,-1,-1,-1,-1,107710,5,,,,,,78,,,,,12807,2022-10-21 14:17:21,94.16666666666667
115,Die einzelnen Abschnitte wirken etwas unzusammenhängend zueinander und eher aufzählend.+ Etwas viele Verweise auf andere Sternenkonstellationen,-1,50,75,19:40,1,-1,-1,-1,-1,-1,-1,-1,100,100,100,100,-1,-1,-1,-1,-1,-1,-1,-1,-1,107851,1,,,,,,219,,,,,12806,2022-10-21 14:26:48,87.5
116,-1,-1,100,100,14:3,0,-1,-1,-1,-1,-1,-1,-1,100,100,100,100,-1,-1,-1,-1,-1,-1,-1,-1,-1,107906,2,,,,,,274,,,,,12807,2022-10-21 14:31:27,100.0
117,-1,-1,100,75,8:9,1,-1,-1,-1,-1,-1,-1,-1,100,75,100,100,-1,-1,-1,-1,-1,-1,-1,-1,-1,107732,5,,,,,,100,,,,,12806,2022-10-21 14:34:58,91.66666666666667
118,-1,-1,75,100,12:19,0,-1,-1,-1,-1,-1,-1,-1,75,100,80,100,-1,-1,-1,-1,-1,-1,-1,-1,-1,107968,3,,,,,,336,,,,,12807,2022-10-21 14:43:47,88.33333333333333
119,-1,-1,100,75,9:8,1,-1,-1,-1,-1,-1,-1,-1,100,25,100,100,-1,-1,-1,-1,-1,-1,-1,-1,-1,107808,6,,,,,,176,,,,,12806,2022-10-21 14:44:07,83.33333333333333
120,-1,-1,75,75,10:1,0,-1,-1,-1,-1,-1,-1,-1,100,100,90,100,-1,-1,-1,-1,-1,-1,-1,-1,-1,107662,4,,,,,,30,,,,,12807,2022-10-21 14:53:51,90.0
121,Thematisch passend und ‚erfrischend‘ geschrieben,-1,100,100,10:0,0,-1,-1,-1,-1,-1,-1,-1,100,100,100,100,-1,-1,-1,-1,-1,-1,-1,-1,-1,107907,2,,,,,,275,,,,,12806,2022-10-21 14:54:08,100.0
122,-1,-1,100,75,8:56,0,-1,-1,-1,-1,-1,-1,-1,75,75,100,100,-1,-1,-1,-1,-1,-1,-1,-1,-1,107943,3,,,,,,311,,,,,12806,2022-10-21 15:03:06,87.5
123,-1,-1,100,100,21:46,0,-1,-1,-1,-1,-1,-1,-1,100,100,100,100,-1,-1,-1,-1,-1,-1,-1,-1,-1,107902,2,,,,,,270,,,,,12807,2022-10-21 15:15:39,100.0
124,Etwas viele Verweise auf andere Sternenkonstellationen.Der Text ist etwas &#039;tocken&#039; formuliert &comma; obwohl flüssig lesbar,-1,75,50,16:14,0,-1,-1,-1,-1,-1,-1,-1,100,50,90,100,-1,-1,-1,-1,-1,-1,-1,-1,-1,107683,4,,,,,,51,,,,,12806,2022-10-21 15:20:00,77.5
125,The text goes from addressing the zodiac in third person &quot;they&quot; to the more direct second person &quot;you&quot,-1,75,100,20:9,0,-1,-1,-1,-1,-1,-1,-1,100,100,100,75,-1,-1,-1,-1,-1,-1,-1,-1,-1,107769,6,,,,,,137,,,,,12807,2022-10-21 15:35:50,91.66666666666667
126,-1,-1,100,100,12:5,0,-1,-1,-1,-1,-1,-1,-1,75,100,100,100,-1,-1,-1,-1,-1,-1,-1,-1,-1,107935,3,,,,,,303,,,,,12807,2022-10-21 15:48:00,95.83333333333333
127,-1,-1,100,100,11:42,0,-1,-1,-1,-1,-1,-1,-1,100,100,100,100,-1,-1,-1,-1,-1,-1,-1,-1,-1,107738,5,,,,,,106,,,,,12807,2022-10-21 15:59:44,100.0
128,Durch die Verweise auf andere Sternenkonstellationen   wirkt der erste Abschnitt inhaltlich unübersichtlich. Bei den anderen beiden Abschnitten „stören“ diese nicht und die Abschnitte sind gut formuliert,-1,75,75,41:53,0,-1,-1,-1,-1,-1,-1,-1,100,100,100,100,-1,-1,-1,-1,-1,-1,-1,-1,-1,107817,1,,,,,,185,,,,,12806,2022-10-21 16:01:54,91.66666666666667
129,-1,-1,100,75,31:3,0,-1,-1,-1,-1,-1,-1,-1,100,100,100,100,-1,-1,-1,-1,-1,-1,-1,-1,-1,107847,1,,,,,,215,,,,,12807,2022-10-21 16:30:50,95.83333333333333
130,-1,-1,100,100,22:16,0,-1,-1,-1,-1,-1,-1,-1,100,100,100,100,-1,-1,-1,-1,-1,-1,-1,-1,-1,107737,5,,,,,,105,,,,,12807,2022-10-21 16:53:08,100.0
131,-1,-1,100,100,8:0,1,-1,-1,-1,-1,-1,-1,-1,100,100,100,100,-1,-1,-1,-1,-1,-1,-1,-1,-1,107867,1,,,,,,235,,,,,12809,2022-10-21 18:40:19,100.0
132,-1,-1,100,100,4:55,1,-1,-1,-1,-1,-1,-1,-1,100,100,100,100,-1,-1,-1,-1,-1,-1,-1,-1,-1,107765,6,,,,,,133,,,,,12809,2022-10-21 18:45:15,100.0
133,-1,-1,100,100,2:1,1,-1,-1,-1,-1,-1,-1,-1,100,100,90,100,-1,-1,-1,-1,-1,-1,-1,-1,-1,107938,3,,,,,,306,,,,,12809,2022-10-21 18:47:17,98.33333333333333
134,-1,-1,100,100,3:10,1,-1,-1,-1,-1,-1,-1,-1,100,100,100,100,-1,-1,-1,-1,-1,-1,-1,-1,-1,107789,6,,,,,,157,,,,,12809,2022-10-21 18:50:28,100.0
135,-1,-1,75,75,7:23,0,-1,-1,-1,-1,-1,-1,-1,100,100,90,100,-1,-1,-1,-1,-1,-1,-1,-1,-1,107862,1,,,,,,230,,,,,12809,2022-10-21 18:57:52,90.0
136,-1,-1,100,100,1:28,0,-1,-1,-1,-1,-1,-1,-1,100,100,100,100,-1,-1,-1,-1,-1,-1,-1,-1,-1,107924,2,,,,,,292,,,,,12809,2022-10-21 18:59:21,100.0
137,-1,-1,100,50,2:53,0,-1,-1,-1,-1,-1,-1,-1,100,75,80,75,-1,-1,-1,-1,-1,-1,-1,-1,-1,107690,4,,,,,,58,,,,,12809,2022-10-21 19:02:16,80.0
138,-1,-1,100,100,3:24,0,-1,-1,-1,-1,-1,-1,-1,100,100,100,100,-1,-1,-1,-1,-1,-1,-1,-1,-1,107719,5,,,,,,87,,,,,12809,2022-10-21 19:05:41,100.0
139,-1,-1,100,100,2:54,0,-1,-1,-1,-1,-1,-1,-1,100,100,100,100,-1,-1,-1,-1,-1,-1,-1,-1,-1,107906,2,,,,,,274,,,,,12809,2022-10-21 19:08:36,100.0
140,-1,-1,100,100,3:21,0,-1,-1,-1,-1,-1,-1,-1,100,100,100,100,-1,-1,-1,-1,-1,-1,-1,-1,-1,107716,5,,,,,,84,,,,,12809,2022-10-21 19:11:59,100.0
141,-1,-1,100,75,6:33,0,-1,-1,-1,-1,-1,-1,-1,100,75,100,100,-1,-1,-1,-1,-1,-1,-1,-1,-1,107814,1,,,,,,182,,,,,12809,2022-10-21 19:18:34,91.66666666666667
142,-1,-1,100,100,7:53,0,-1,-1,-1,-1,-1,-1,-1,75,75,100,75,-1,-1,-1,-1,-1,-1,-1,-1,-1,107953,3,,,,,,321,,,,,12809,2022-10-21 19:26:28,87.5
143,-1,-1,25,25,4:40,0,-1,-1,-1,-1,-1,-1,-1,50,25,90,25,-1,-1,-1,-1,-1,-1,-1,-1,-1,107685,4,,,,,,53,,,,,12809,2022-10-21 19:31:09,40.0
144,-1,-1,100,75,3:8,0,-1,-1,-1,-1,-1,-1,-1,100,75,80,75,-1,-1,-1,-1,-1,-1,-1,-1,-1,107768,6,,,,,,136,,,,,12809,2022-10-21 19:34:18,84.16666666666667
145,-1,-1,75,25,18:43,0,-1,-1,-1,-1,-1,-1,-1,75,75,80,50,-1,-1,-1,-1,-1,-1,-1,-1,-1,107649,4,,,,,,17,,,,,12809,2022-10-21 19:53:03,63.333333333333336
146,More of an advertisement than a horoscope,-1,0,0,1:8,0,-1,-1,-1,-1,-1,-1,-1,25,25,90,50,-1,-1,-1,-1,-1,-1,-1,-1,-1,107809,6,,,,,,177,,,,,12809,2022-10-21 19:54:13,31.666666666666668
147,-1,-1,75,75,12:2,0,-1,-1,-1,-1,-1,-1,-1,100,75,100,100,-1,-1,-1,-1,-1,-1,-1,-1,-1,107846,1,,,,,,214,,,,,12809,2022-10-21 20:06:16,87.5
148,-1,-1,100,100,0:57,0,-1,-1,-1,-1,-1,-1,-1,100,100,100,100,-1,-1,-1,-1,-1,-1,-1,-1,-1,107922,2,,,,,,290,,,,,12809,2022-10-21 20:07:15,100.0
149,-1,-1,100,50,2:47,0,-1,-1,-1,-1,-1,-1,-1,100,75,100,100,-1,-1,-1,-1,-1,-1,-1,-1,-1,107702,5,,,,,,70,,,,,12809,2022-10-21 20:10:06,87.5
150,-1,-1,50,50,1:58,0,-1,-1,-1,-1,-1,-1,-1,25,75,90,25,-1,-1,-1,-1,-1,-1,-1,-1,-1,107941,3,,,,,,309,,,,,12809,2022-10-21 20:19:59,52.5
151,-1,-1,100,75,6:3,0,-1,-1,-1,-1,-1,-1,-1,75,100,100,75,-1,-1,-1,-1,-1,-1,-1,-1,-1,107770,6,,,,,,138,,,,,12809,2022-10-21 20:26:04,87.5
152,-1,-1,100,75,1:34,0,-1,-1,-1,-1,-1,-1,-1,75,100,100,100,-1,-1,-1,-1,-1,-1,-1,-1,-1,107680,4,,,,,,48,,,,,12809,2022-10-21 20:27:41,91.66666666666667
153,-1,-1,100,100,4:43,1,-1,-1,-1,-1,-1,-1,-1,100,100,100,100,-1,-1,-1,-1,-1,-1,-1,-1,-1,107915,2,,,,,,283,,,,,12807,2022-10-21 20:32:14,100.0
154,-1,-1,75,100,15:33,1,-1,-1,-1,-1,-1,-1,-1,100,100,100,100,-1,-1,-1,-1,-1,-1,-1,-1,-1,107678,4,,,,,,46,,,,,12807,2022-10-21 20:47:50,95.83333333333333
155,-1,-1,100,100,7:39,1,-1,-1,-1,-1,-1,-1,-1,100,100,100,100,-1,-1,-1,-1,-1,-1,-1,-1,-1,107854,1,,,,,,222,,,,,12807,2022-10-21 20:55:31,100.0
156,-1,-1,100,100,6:53,1,-1,-1,-1,-1,-1,-1,-1,100,100,100,100,-1,-1,-1,-1,-1,-1,-1,-1,-1,107766,6,,,,,,134,,,,,12807,2022-10-21 21:02:26,100.0
157,The entire text is in quotation marks,-1,75,100,6:24,0,-1,-1,-1,-1,-1,-1,-1,75,100,100,100,-1,-1,-1,-1,-1,-1,-1,-1,-1,107983,3,,,,,,351,,,,,12807,2022-10-21 21:08:52,91.66666666666667
158,-1,-1,75,100,7:2,0,-1,-1,-1,-1,-1,-1,-1,100,100,100,100,-1,-1,-1,-1,-1,-1,-1,-1,-1,107920,2,,,,,,288,,,,,12807,2022-10-21 21:15:56,95.83333333333333
159,-1,-1,100,75,16:1,0,-1,-1,-1,-1,-1,-1,-1,100,100,100,100,-1,-1,-1,-1,-1,-1,-1,-1,-1,107637,4,,,,,,5,,,,,12807,2022-10-21 21:31:59,95.83333333333333
160,-1,-1,50,100,4:57,1,-1,-1,-1,-1,-1,-1,-1,50,100,100,100,-1,-1,-1,-1,-1,-1,-1,-1,-1,107735,5,,,,,,103,,,,,12807,2022-10-22 00:00:43,83.33333333333333
161,The text mentions September as &quot;the shortest month.&quot,-1,75,100,13:4,1,-1,-1,-1,-1,-1,-1,-1,75,100,100,100,-1,-1,-1,-1,-1,-1,-1,-1,-1,107946,3,,,,,,314,,,,,12807,2022-10-22 00:13:49,91.66666666666667
162,-1,-1,100,100,9:20,1,-1,-1,-1,-1,-1,-1,-1,75,100,90,100,-1,-1,-1,-1,-1,-1,-1,-1,-1,107855,1,,,,,,223,,,,,12807,2022-10-22 00:23:11,94.16666666666667
163,-1,-1,100,100,15:28,1,-1,-1,-1,-1,-1,-1,-1,100,100,100,100,-1,-1,-1,-1,-1,-1,-1,-1,-1,107781,6,,,,,,149,,,,,12807,2022-10-22 00:38:40,100.0
164,-1,-1,100,100,15:8,0,-1,-1,-1,-1,-1,-1,-1,100,100,100,100,-1,-1,-1,-1,-1,-1,-1,-1,-1,107732,5,,,,,,100,,,,,12807,2022-10-22 00:53:50,100.0
165,-1,-1,100,75,11:40,0,-1,-1,-1,-1,-1,-1,-1,100,100,100,100,-1,-1,-1,-1,-1,-1,-1,-1,-1,107686,4,,,,,,54,,,,,12807,2022-10-22 01:05:32,95.83333333333333
166,-1,-1,100,100,0:32,1,-1,-1,-1,-1,-1,-1,-1,100,100,100,100,-1,-1,-1,-1,-1,-1,-1,-1,-1,107927,2,,,,,,295,,,,,12809,2022-10-22 11:07:54,100.0
167,-1,-1,100,75,1:1,1,-1,-1,-1,-1,-1,-1,-1,100,100,100,100,-1,-1,-1,-1,-1,-1,-1,-1,-1,107980,3,,,,,,348,,,,,12809,2022-10-22 11:11:38,95.83333333333333
168,-1,-1,100,100,3:55,1,-1,-1,-1,-1,-1,-1,-1,100,100,100,100,-1,-1,-1,-1,-1,-1,-1,-1,-1,107732,5,,,,,,100,,,,,12809,2022-10-22 11:15:35,100.0
169,-1,-1,50,50,10:23,1,-1,-1,-1,-1,-1,-1,-1,100,100,90,75,-1,-1,-1,-1,-1,-1,-1,-1,-1,107818,1,,,,,,186,,,,,12809,2022-10-22 11:25:59,77.5
170,-1,-1,100,100,13:3,1,-1,-1,-1,-1,-1,-1,-1,100,100,100,100,-1,-1,-1,-1,-1,-1,-1,-1,-1,107903,2,,,,,,271,,,,,12809,2022-10-22 11:39:04,100.0
171,-1,-1,100,75,3:11,0,-1,-1,-1,-1,-1,-1,-1,100,75,100,100,-1,-1,-1,-1,-1,-1,-1,-1,-1,107658,4,,,,,,26,,,,,12809,2022-10-22 11:42:16,91.66666666666667
172,-1,-1,100,100,39:44,0,-1,-1,-1,-1,-1,-1,-1,100,100,90,100,-1,-1,-1,-1,-1,-1,-1,-1,-1,107840,1,,,,,,208,,,,,12809,2022-10-22 12:22:01,98.33333333333333
173,-1,-1,100,75,7:59,0,-1,-1,-1,-1,-1,-1,-1,75,75,100,75,-1,-1,-1,-1,-1,-1,-1,-1,-1,107780,6,,,,,,148,,,,,12809,2022-10-22 12:30:01,83.33333333333333
174,Hier sind die verschiedenen  Verweise auf  andere Sternenkonstellationen sehr gut in den Text eingearbeitet. + Die beiden Themenbereiche &quot;career. Home&comma; Sweet Home&quot; sind  zwar unabhängig voneinander&comma; aber doch auf nachvollziehbare Weise sehr gut dargestellt.+ Letzter Satz endet ohne Satzzeichen,-1,100,75,23:17,1,-1,-1,-1,-1,-1,-1,-1,100,75,80,100,-1,-1,-1,-1,-1,-1,-1,-1,-1,107894,2,,,,,,262,,,,,12806,2022-10-22 14:01:10,88.33333333333333
175,Der erste Themenbereich ist gut dargestellt&comma; der zweite könnte eher „romance“ heißen&comma;  passt aber trotzdem und die Teile sind gut miteinander verwoben,-1,100,75,14:19,1,-1,-1,-1,-1,-1,-1,-1,75,75,100,100,-1,-1,-1,-1,-1,-1,-1,-1,-1,107970,3,,,,,,338,,,,,12806,2022-10-22 14:15:39,87.5
176,-1,-1,100,100,12:59,1,-1,-1,-1,-1,-1,-1,-1,75,100,100,100,-1,-1,-1,-1,-1,-1,-1,-1,-1,107933,3,,,,,,301,,,,,12807,2022-10-22 14:17:49,95.83333333333333
177,Gute Wortwahl; die Sätze aber  etwas zu lang,-1,100,75,12:38,1,-1,-1,-1,-1,-1,-1,-1,100,100,100,100,-1,-1,-1,-1,-1,-1,-1,-1,-1,107700,5,,,,,,68,,,,,12806,2022-10-22 14:28:19,95.83333333333333
178,-1,-1,100,100,21:36,1,-1,-1,-1,-1,-1,-1,-1,100,100,100,100,-1,-1,-1,-1,-1,-1,-1,-1,-1,107841,1,,,,,,209,,,,,12807,2022-10-22 14:39:26,100.0
179,Sätze zu lang,-1,75,75,20:43,1,-1,-1,-1,-1,-1,-1,-1,100,50,100,100,-1,-1,-1,-1,-1,-1,-1,-1,-1,107678,4,,,,,,46,,,,,12806,2022-10-22 14:49:03,83.33333333333333
180,-1,-1,75,100,7:33,1,-1,-1,-1,-1,-1,-1,-1,100,100,100,100,-1,-1,-1,-1,-1,-1,-1,-1,-1,107757,6,,,,,,125,,,,,12807,2022-10-22 14:54:35,95.83333333333333
181,-1,-1,100,100,10:6,1,-1,-1,-1,-1,-1,-1,-1,100,100,100,100,-1,-1,-1,-1,-1,-1,-1,-1,-1,107928,2,,,,,,296,,,,,12807,2022-10-22 15:04:43,100.0
182,-1,-1,100,100,6:14,0,-1,-1,-1,-1,-1,-1,-1,100,100,100,100,-1,-1,-1,-1,-1,-1,-1,-1,-1,107904,2,,,,,,272,,,,,12807,2022-10-22 15:10:59,100.0
183,-1,-1,75,100,7:28,0,-1,-1,-1,-1,-1,-1,-1,50,100,100,100,-1,-1,-1,-1,-1,-1,-1,-1,-1,107783,6,,,,,,151,,,,,12807,2022-10-22 15:18:28,87.5
184,-1,-1,100,75,8:21,0,-1,-1,-1,-1,-1,-1,-1,100,100,100,100,-1,-1,-1,-1,-1,-1,-1,-1,-1,107734,5,,,,,,102,,,,,12807,2022-10-22 15:26:51,95.83333333333333
185,-1,-1,100,100,9:40,0,-1,-1,-1,-1,-1,-1,-1,75,100,90,100,-1,-1,-1,-1,-1,-1,-1,-1,-1,107965,3,,,,,,333,,,,,12807,2022-10-22 15:36:33,94.16666666666667
186,-1,-1,100,100,4:44,0,-1,-1,-1,-1,-1,-1,-1,100,100,90,100,-1,-1,-1,-1,-1,-1,-1,-1,-1,107857,1,,,,,,225,,,,,12807,2022-10-22 15:41:20,98.33333333333333
187,-1,-1,100,100,7:0,0,-1,-1,-1,-1,-1,-1,-1,100,100,100,100,-1,-1,-1,-1,-1,-1,-1,-1,-1,107644,4,,,,,,12,,,,,12807,2022-10-22 15:48:22,100.0
188,-1,-1,100,75,13:14,0,-1,-1,-1,-1,-1,-1,-1,100,100,100,100,-1,-1,-1,-1,-1,-1,-1,-1,-1,107664,4,,,,,,32,,,,,12807,2022-10-22 16:01:38,95.83333333333333
189,-1,-1,100,100,4:20,0,-1,-1,-1,-1,-1,-1,-1,100,100,100,100,-1,-1,-1,-1,-1,-1,-1,-1,-1,107739,5,,,,,,107,,,,,12807,2022-10-22 16:06:01,100.0
190,-1,-1,100,100,10:18,0,-1,-1,-1,-1,-1,-1,-1,100,100,100,100,-1,-1,-1,-1,-1,-1,-1,-1,-1,107972,3,,,,,,340,,,,,12807,2022-10-22 16:16:20,100.0
191,-1,-1,100,100,10:45,0,-1,-1,-1,-1,-1,-1,-1,100,100,100,100,-1,-1,-1,-1,-1,-1,-1,-1,-1,107860,1,,,,,,228,,,,,12807,2022-10-22 16:27:08,100.0
192,-1,-1,50,100,8:17,0,-1,-1,-1,-1,-1,-1,-1,100,100,100,25,-1,-1,-1,-1,-1,-1,-1,-1,-1,107793,6,,,,,,161,,,,,12807,2022-10-22 16:35:26,79.16666666666667
193,-1,-1,100,100,27:6,1,-1,-1,-1,-1,-1,-1,-1,100,100,100,100,-1,-1,-1,-1,-1,-1,-1,-1,-1,107699,5,,,,,,67,,,,,12809,2022-10-24 17:39:47,100.0
194,-1,-1,100,100,1:19,1,-1,-1,-1,-1,-1,-1,-1,100,100,100,100,-1,-1,-1,-1,-1,-1,-1,-1,-1,107940,3,,,,,,308,,,,,12809,2022-10-24 17:41:07,100.0
195,-1,-1,75,75,12:23,1,-1,-1,-1,-1,-1,-1,-1,75,100,90,75,-1,-1,-1,-1,-1,-1,-1,-1,-1,107864,1,,,,,,232,,,,,12809,2022-10-24 17:53:32,81.66666666666667
196,-1,-1,100,50,6:4,1,-1,-1,-1,-1,-1,-1,-1,75,75,90,75,-1,-1,-1,-1,-1,-1,-1,-1,-1,107647,4,,,,,,15,,,,,12809,2022-10-24 17:59:37,77.5
197,-1,-1,75,100,5:6,0,-1,-1,-1,-1,-1,-1,-1,100,100,100,75,-1,-1,-1,-1,-1,-1,-1,-1,-1,107708,5,,,,,,76,,,,,12809,2022-10-24 18:04:44,91.66666666666667
198,-1,-1,100,100,2:35,0,-1,-1,-1,-1,-1,-1,-1,100,100,100,100,-1,-1,-1,-1,-1,-1,-1,-1,-1,107806,6,,,,,,174,,,,,12809,2022-10-24 18:07:20,100.0
199,-1,-1,100,100,2:44,0,-1,-1,-1,-1,-1,-1,-1,100,100,100,100,-1,-1,-1,-1,-1,-1,-1,-1,-1,107892,2,,,,,,260,,,,,12809,2022-10-24 18:10:05,100.0
200,-1,-1,100,100,5:10,0,-1,-1,-1,-1,-1,-1,-1,100,100,100,100,-1,-1,-1,-1,-1,-1,-1,-1,-1,107971,3,,,,,,339,,,,,12809,2022-10-24 18:15:16,100.0
201,-1,-1,100,100,1:20,0,-1,-1,-1,-1,-1,-1,-1,100,100,100,100,-1,-1,-1,-1,-1,-1,-1,-1,-1,107782,6,,,,,,150,,,,,12809,2022-10-24 18:16:38,100.0
202,-1,-1,25,25,5:10,1,-1,-1,-1,-1,-1,-1,-1,50,25,90,25,-1,-1,-1,-1,-1,-1,-1,-1,-1,107984,3,,,,,,352,,,,,40,2022-10-24 18:21:49,40.0
203,-1,-1,75,75,4:41,1,-1,-1,-1,-1,-1,-1,-1,100,75,100,100,-1,-1,-1,-1,-1,-1,-1,-1,-1,107824,1,,,,,,192,,,,,12809,2022-10-24 18:26:38,87.5
204,the prompt&#039;s zodiac sign not addressed,-1,100,100,2:57,1,-1,-1,-1,-1,-1,-1,-1,75,100,100,75,-1,-1,-1,-1,-1,-1,-1,-1,-1,107949,3,,,,,,317,,,,,12805,2022-10-24 19:15:23,91.66666666666667
205,No particular zodiac signs mentioned but the dates suggest the horoscope is written for the wrong sign,-1,75,100,5:21,1,-1,-1,-1,-1,-1,-1,-1,50,100,100,75,-1,-1,-1,-1,-1,-1,-1,-1,-1,107829,1,,,,,,197,,,,,12805,2022-10-24 19:20:46,83.33333333333333
206,the horoscope sufficiently covers the entire month,-1,100,100,6:0,1,-1,-1,-1,-1,-1,-1,-1,75,100,100,100,-1,-1,-1,-1,-1,-1,-1,-1,-1,107834,1,,,,,,202,,,,,12805,2022-10-24 19:26:48,95.83333333333333
207,-1,-1,100,100,1:30,1,-1,-1,-1,-1,-1,-1,-1,100,100,100,100,-1,-1,-1,-1,-1,-1,-1,-1,-1,107643,4,,,,,,11,,,,,12805,2022-10-24 19:28:19,100.0
208,-1,-1,100,100,2:45,0,-1,-1,-1,-1,-1,-1,-1,100,100,100,100,-1,-1,-1,-1,-1,-1,-1,-1,-1,107958,3,,,,,,326,,,,,12805,2022-10-24 19:31:06,100.0
209,-1,-1,100,100,1:57,0,-1,-1,-1,-1,-1,-1,-1,100,100,100,100,-1,-1,-1,-1,-1,-1,-1,-1,-1,107776,6,,,,,,144,,,,,12805,2022-10-24 19:33:04,100.0
210,-1,-1,100,100,1:25,0,-1,-1,-1,-1,-1,-1,-1,100,100,100,100,-1,-1,-1,-1,-1,-1,-1,-1,-1,107896,2,,,,,,264,,,,,12805,2022-10-24 19:34:31,100.0
211,-1,-1,100,100,0:40,0,-1,-1,-1,-1,-1,-1,-1,100,100,100,100,-1,-1,-1,-1,-1,-1,-1,-1,-1,107752,5,,,,,,120,,,,,12805,2022-10-24 19:35:13,100.0
212,The form of addressing the zodiac sign is suddenly changed in the last sentence and alters both the coherence and the consistency of the text,-1,75,100,8:49,0,-1,-1,-1,-1,-1,-1,-1,100,100,90,50,-1,-1,-1,-1,-1,-1,-1,-1,-1,107679,4,,,,,,47,,,,,12805,2022-10-24 19:44:04,85.83333333333333
213,-1,-1,100,100,4:31,0,-1,-1,-1,-1,-1,-1,-1,100,100,100,100,-1,-1,-1,-1,-1,-1,-1,-1,-1,107897,2,,,,,,265,,,,,12805,2022-10-24 19:48:36,100.0
214,-1,-1,100,100,1:26,0,-1,-1,-1,-1,-1,-1,-1,100,100,100,100,-1,-1,-1,-1,-1,-1,-1,-1,-1,107699,5,,,,,,67,,,,,12805,2022-10-24 19:50:04,100.0
215,-1,-1,100,75,5:31,0,-1,-1,-1,-1,-1,-1,-1,50,100,100,75,-1,-1,-1,-1,-1,-1,-1,-1,-1,107987,3,,,,,,355,,,,,12805,2022-10-24 19:55:36,83.33333333333333
216,Two texts written for two different prompts,-1,25,75,6:15,0,-1,-1,-1,-1,-1,-1,-1,25,100,80,25,-1,-1,-1,-1,-1,-1,-1,-1,-1,107767,6,,,,,,135,,,,,12805,2022-10-24 20:01:53,55.0
217,-1,-1,100,100,1:54,0,-1,-1,-1,-1,-1,-1,-1,75,100,100,75,-1,-1,-1,-1,-1,-1,-1,-1,-1,107857,1,,,,,,225,,,,,12805,2022-10-24 20:03:48,91.66666666666667
218,-1,-1,100,100,1:58,0,-1,-1,-1,-1,-1,-1,-1,100,100,90,100,-1,-1,-1,-1,-1,-1,-1,-1,-1,107651,4,,,,,,19,,,,,12805,2022-10-24 20:05:48,98.33333333333333
219,-1,-1,100,100,1:22,0,-1,-1,-1,-1,-1,-1,-1,100,100,100,100,-1,-1,-1,-1,-1,-1,-1,-1,-1,107716,5,,,,,,84,,,,,12805,2022-10-24 20:07:11,100.0
220,-1,-1,100,100,0:49,0,-1,-1,-1,-1,-1,-1,-1,100,100,100,100,-1,-1,-1,-1,-1,-1,-1,-1,-1,107875,2,,,,,,243,,,,,12805,2022-10-24 20:08:01,100.0
221,-1,-1,100,100,3:24,0,-1,-1,-1,-1,-1,-1,-1,100,100,90,100,-1,-1,-1,-1,-1,-1,-1,-1,-1,107827,1,,,,,,195,,,,,12805,2022-10-24 20:11:27,98.33333333333333
222,-1,-1,100,100,1:50,0,-1,-1,-1,-1,-1,-1,-1,100,100,100,100,-1,-1,-1,-1,-1,-1,-1,-1,-1,107980,3,,,,,,348,,,,,12805,2022-10-24 20:13:18,100.0
223,-1,-1,100,100,2:16,0,-1,-1,-1,-1,-1,-1,-1,100,100,100,50,-1,-1,-1,-1,-1,-1,-1,-1,-1,107763,6,,,,,,131,,,,,12805,2022-10-24 20:15:36,91.66666666666667
224,-1,-1,100,100,7:49,0,-1,-1,-1,-1,-1,-1,-1,100,100,100,100,-1,-1,-1,-1,-1,-1,-1,-1,-1,107703,5,,,,,,71,,,,,12805,2022-10-24 20:23:26,100.0
225,bitter and baleful,-1,100,100,18:15,0,-1,-1,-1,-1,-1,-1,-1,100,75,100,75,-1,-1,-1,-1,-1,-1,-1,-1,-1,107806,6,,,,,,174,,,,,12805,2022-10-24 20:41:43,91.66666666666667
226,-1,-1,100,100,1:42,0,-1,-1,-1,-1,-1,-1,-1,100,100,90,100,-1,-1,-1,-1,-1,-1,-1,-1,-1,107950,3,,,,,,318,,,,,12805,2022-10-24 21:55:37,98.33333333333333
227,-1,-1,100,100,2:30,0,-1,-1,-1,-1,-1,-1,-1,100,100,100,100,-1,-1,-1,-1,-1,-1,-1,-1,-1,107855,1,,,,,,223,,,,,12805,2022-10-24 21:58:09,100.0
228,-1,-1,100,100,1:28,0,-1,-1,-1,-1,-1,-1,-1,100,100,100,100,-1,-1,-1,-1,-1,-1,-1,-1,-1,107913,2,,,,,,281,,,,,12805,2022-10-24 21:59:38,100.0
229,-1,-1,100,100,1:35,0,-1,-1,-1,-1,-1,-1,-1,100,100,100,100,-1,-1,-1,-1,-1,-1,-1,-1,-1,107662,4,,,,,,30,,,,,12805,2022-10-24 22:01:15,100.0
230,-1,-1,100,100,0:41,0,-1,-1,-1,-1,-1,-1,-1,100,100,100,100,-1,-1,-1,-1,-1,-1,-1,-1,-1,107925,2,,,,,,293,,,,,12805,2022-10-24 22:01:58,100.0
231,-1,-1,100,100,1:30,0,-1,-1,-1,-1,-1,-1,-1,100,100,100,100,-1,-1,-1,-1,-1,-1,-1,-1,-1,107963,3,,,,,,331,,,,,12805,2022-10-24 22:03:33,100.0
232,-1,-1,100,100,0:37,0,-1,-1,-1,-1,-1,-1,-1,100,100,100,100,-1,-1,-1,-1,-1,-1,-1,-1,-1,107715,5,,,,,,83,,,,,12805,2022-10-24 22:04:15,100.0
233,-1,-1,100,75,1:41,0,-1,-1,-1,-1,-1,-1,-1,100,100,80,100,-1,-1,-1,-1,-1,-1,-1,-1,-1,107652,4,,,,,,20,,,,,12805,2022-10-24 22:06:02,92.5
234,-1,-1,75,75,2:54,0,-1,-1,-1,-1,-1,-1,-1,75,100,90,100,-1,-1,-1,-1,-1,-1,-1,-1,-1,107825,1,,,,,,193,,,,,12805,2022-10-24 22:08:57,85.83333333333333
235,Bitter and baleful,-1,100,100,1:12,1,-1,-1,-1,-1,-1,-1,-1,75,75,100,75,-1,-1,-1,-1,-1,-1,-1,-1,-1,107808,6,,,,,,176,,,,,12805,2022-10-25 15:53:56,87.5
236,-1,-1,100,100,5:8,1,-1,-1,-1,-1,-1,-1,-1,100,100,100,100,-1,-1,-1,-1,-1,-1,-1,-1,-1,107843,1,,,,,,211,,,,,12805,2022-10-25 15:59:06,100.0
237,-1,-1,100,100,13:37,1,-1,-1,-1,-1,-1,-1,-1,100,100,100,100,-1,-1,-1,-1,-1,-1,-1,-1,-1,107959,3,,,,,,327,,,,,12805,2022-10-25 16:12:45,100.0
238,-1,-1,100,100,1:10,1,-1,-1,-1,-1,-1,-1,-1,100,100,100,100,-1,-1,-1,-1,-1,-1,-1,-1,-1,107786,6,,,,,,154,,,,,12805,2022-10-25 16:13:56,100.0
239,-1,-1,100,100,0:55,0,-1,-1,-1,-1,-1,-1,-1,100,100,100,100,-1,-1,-1,-1,-1,-1,-1,-1,-1,107644,4,,,,,,12,,,,,12805,2022-10-25 16:14:53,100.0
240,-1,-1,100,100,1:2,0,-1,-1,-1,-1,-1,-1,-1,75,100,100,100,-1,-1,-1,-1,-1,-1,-1,-1,-1,107895,2,,,,,,263,,,,,12805,2022-10-25 16:15:57,95.83333333333333
241,-1,-1,100,100,1:5,0,-1,-1,-1,-1,-1,-1,-1,100,100,100,100,-1,-1,-1,-1,-1,-1,-1,-1,-1,107736,5,,,,,,104,,,,,12805,2022-10-25 16:17:04,100.0
242,The text makes no mention of the zodiac sign or astrology and merely makes a forecast,-1,100,100,11:3,0,-1,-1,-1,-1,-1,-1,-1,50,75,100,75,-1,-1,-1,-1,-1,-1,-1,-1,-1,107774,6,,,,,,142,,,,,12805,2022-10-25 16:28:09,83.33333333333333
243,-1,-1,100,100,3:3,0,-1,-1,-1,-1,-1,-1,-1,75,100,100,100,-1,-1,-1,-1,-1,-1,-1,-1,-1,107830,1,,,,,,198,,,,,12805,2022-10-25 16:31:13,95.83333333333333
244,-1,-1,100,100,1:12,0,-1,-1,-1,-1,-1,-1,-1,100,100,100,100,-1,-1,-1,-1,-1,-1,-1,-1,-1,107711,5,,,,,,79,,,,,12805,2022-10-25 16:32:27,100.0
245,-1,-1,100,100,1:29,0,-1,-1,-1,-1,-1,-1,-1,100,100,100,100,-1,-1,-1,-1,-1,-1,-1,-1,-1,107670,4,,,,,,38,,,,,12805,2022-10-25 16:33:58,100.0
246,-1,-1,100,100,1:32,0,-1,-1,-1,-1,-1,-1,-1,75,100,100,75,-1,-1,-1,-1,-1,-1,-1,-1,-1,107962,3,,,,,,330,,,,,12805,2022-10-25 16:35:32,91.66666666666667
247,-1,-1,100,100,0:55,0,-1,-1,-1,-1,-1,-1,-1,100,100,100,100,-1,-1,-1,-1,-1,-1,-1,-1,-1,107914,2,,,,,,282,,,,,12805,2022-10-25 16:36:32,100.0
248,-1,-1,100,100,0:51,0,-1,-1,-1,-1,-1,-1,-1,100,100,100,100,-1,-1,-1,-1,-1,-1,-1,-1,-1,107733,5,,,,,,101,,,,,12805,2022-10-25 16:37:24,100.0
249,-1,-1,100,100,2:17,0,-1,-1,-1,-1,-1,-1,-1,100,100,100,100,-1,-1,-1,-1,-1,-1,-1,-1,-1,107979,3,,,,,,347,,,,,12805,2022-10-25 16:42:50,100.0
250,-1,-1,100,100,1:18,0,-1,-1,-1,-1,-1,-1,-1,75,100,100,100,-1,-1,-1,-1,-1,-1,-1,-1,-1,107919,2,,,,,,287,,,,,12805,2022-10-25 16:44:09,95.83333333333333
251,-1,-1,100,100,2:25,0,-1,-1,-1,-1,-1,-1,-1,100,100,100,100,-1,-1,-1,-1,-1,-1,-1,-1,-1,107814,1,,,,,,182,,,,,12805,2022-10-25 16:46:38,100.0
252,-1,-1,100,-1,4:43,0,-1,-1,-1,-1,-1,-1,-1,100,100,100,100,-1,-1,-1,-1,-1,-1,-1,-1,-1,107683,4,,,,,,51,,,,,12805,2022-10-25 16:51:22,83.16666666666667
253,-1,-1,100,100,0:51,0,-1,-1,-1,-1,-1,-1,-1,100,100,100,100,-1,-1,-1,-1,-1,-1,-1,-1,-1,107759,6,,,,,,127,,,,,12805,2022-10-25 16:52:21,100.0
254,The text is unnecessarily interrupted to name the zodiac sign and the year again,-1,75,75,12:40,0,-1,-1,-1,-1,-1,-1,-1,100,100,100,75,-1,-1,-1,-1,-1,-1,-1,-1,-1,107633,4,,,,,,1,,,,,12805,2022-10-25 18:21:57,87.5
255,-1,-1,100,100,1:6,0,-1,-1,-1,-1,-1,-1,-1,100,100,100,100,-1,-1,-1,-1,-1,-1,-1,-1,-1,107909,2,,,,,,277,,,,,12805,2022-10-25 18:23:05,100.0
256,-1,-1,100,100,2:31,0,-1,-1,-1,-1,-1,-1,-1,100,100,100,100,-1,-1,-1,-1,-1,-1,-1,-1,-1,107693,5,,,,,,61,,,,,12805,2022-10-25 18:25:38,100.0
257,The text consists of a few short financial horoscopes addressed to different signs,-1,25,100,6:0,0,-1,-1,-1,-1,-1,-1,-1,25,100,100,0,-1,-1,-1,-1,-1,-1,-1,-1,-1,107793,6,,,,,,161,,,,,12805,2022-10-25 18:31:44,58.333333333333336
258,No mention of the correponding zodiac sign,-1,100,100,3:26,0,-1,-1,-1,-1,-1,-1,-1,75,100,100,75,-1,-1,-1,-1,-1,-1,-1,-1,-1,107859,1,,,,,,227,,,,,12805,2022-10-25 18:35:11,91.66666666666667
259,-1,-1,100,100,4:11,0,-1,-1,-1,-1,-1,-1,-1,100,100,100,100,-1,-1,-1,-1,-1,-1,-1,-1,-1,107986,3,,,,,,354,,,,,12805,2022-10-25 18:39:24,100.0
260,-1,-1,100,100,5:5,0,-1,-1,-1,-1,-1,-1,-1,100,100,100,100,-1,-1,-1,-1,-1,-1,-1,-1,-1,107698,5,,,,,,66,,,,,12805,2022-10-25 18:44:31,100.0
261,The monthly horoscope starts in the middle of the text and disrupts the flow,-1,50,100,9:41,0,-1,-1,-1,-1,-1,-1,-1,100,100,100,100,-1,-1,-1,-1,-1,-1,-1,-1,-1,107984,3,,,,,,352,,,,,12805,2022-10-25 18:54:13,91.66666666666667
262,-1,-1,75,100,20:20,0,-1,-1,-1,-1,-1,-1,-1,50,100,100,75,-1,-1,-1,-1,-1,-1,-1,-1,-1,107795,6,,,,,,163,,,,,12805,2022-10-25 19:14:44,83.33333333333333
263,-1,-1,100,100,4:16,0,-1,-1,-1,-1,-1,-1,-1,100,100,100,100,-1,-1,-1,-1,-1,-1,-1,-1,-1,107824,1,,,,,,192,,,,,12805,2022-10-25 19:19:02,100.0
264,A few punctuation errors,-1,50,75,3:18,0,-1,-1,-1,-1,-1,-1,-1,100,100,70,100,-1,-1,-1,-1,-1,-1,-1,-1,-1,107682,4,,,,,,50,,,,,12805,2022-10-25 19:22:22,82.5
265,The 2nd paragraph repeats and rephrases the 1st paragraph,-1,100,75,5:54,0,-1,-1,-1,-1,-1,-1,-1,100,100,100,100,-1,-1,-1,-1,-1,-1,-1,-1,-1,107908,2,,,,,,276,,,,,12805,2022-10-25 19:28:17,95.83333333333333
266,-1,-1,100,100,1:11,0,-1,-1,-1,-1,-1,-1,-1,50,100,100,75,-1,-1,-1,-1,-1,-1,-1,-1,-1,107970,3,,,,,,338,,,,,12805,2022-10-25 19:29:30,87.5
267,-1,-1,100,50,3:16,0,-1,-1,-1,-1,-1,-1,-1,100,100,80,100,-1,-1,-1,-1,-1,-1,-1,-1,-1,107671,4,,,,,,39,,,,,12805,2022-10-25 19:32:48,88.33333333333333
268,-1,-1,100,100,11:3,0,-1,-1,-1,-1,-1,-1,-1,75,100,90,100,-1,-1,-1,-1,-1,-1,-1,-1,-1,107771,6,,,,,,139,,,,,12805,2022-10-25 19:43:53,94.16666666666667
269,-1,-1,100,100,1:59,0,-1,-1,-1,-1,-1,-1,-1,100,100,100,100,-1,-1,-1,-1,-1,-1,-1,-1,-1,107842,1,,,,,,210,,,,,12805,2022-10-25 19:45:53,100.0
270,-1,-1,100,100,4:25,0,-1,-1,-1,-1,-1,-1,-1,75,100,100,100,-1,-1,-1,-1,-1,-1,-1,-1,-1,107735,5,,,,,,103,,,,,12805,2022-10-25 19:50:20,95.83333333333333
271,-1,-1,100,100,21:21,0,-1,-1,-1,-1,-1,-1,-1,100,100,90,100,-1,-1,-1,-1,-1,-1,-1,-1,-1,107882,2,,,,,,250,,,,,12805,2022-10-25 20:11:43,98.33333333333333
272,-1,-1,100,100,3:57,0,-1,-1,-1,-1,-1,-1,-1,100,100,100,100,-1,-1,-1,-1,-1,-1,-1,-1,-1,107969,3,,,,,,337,,,,,12805,2022-10-25 20:15:41,100.0
273,-1,-1,100,100,1:14,0,-1,-1,-1,-1,-1,-1,-1,100,100,100,100,-1,-1,-1,-1,-1,-1,-1,-1,-1,107743,5,,,,,,111,,,,,12805,2022-10-25 20:16:57,100.0
274,-1,-1,100,100,2:10,0,-1,-1,-1,-1,-1,-1,-1,100,100,100,100,-1,-1,-1,-1,-1,-1,-1,-1,-1,107647,4,,,,,,15,,,,,12805,2022-10-25 20:19:13,100.0
275,-1,-1,100,100,1:26,0,-1,-1,-1,-1,-1,-1,-1,100,100,100,100,-1,-1,-1,-1,-1,-1,-1,-1,-1,107894,2,,,,,,262,,,,,12805,2022-10-25 20:20:41,100.0
276,-1,-1,100,100,1:6,0,-1,-1,-1,-1,-1,-1,-1,100,100,100,100,-1,-1,-1,-1,-1,-1,-1,-1,-1,107809,6,,,,,,177,,,,,12805,2022-10-25 20:21:49,100.0
277,-1,-1,100,100,7:12,0,-1,-1,-1,-1,-1,-1,-1,100,100,100,100,-1,-1,-1,-1,-1,-1,-1,-1,-1,107847,1,,,,,,215,,,,,12805,2022-10-25 20:29:03,100.0
278,-1,-1,100,100,0:51,0,-1,-1,-1,-1,-1,-1,-1,100,100,100,100,-1,-1,-1,-1,-1,-1,-1,-1,-1,107885,2,,,,,,253,,,,,12805,2022-10-25 20:30:01,100.0
279,-1,-1,100,100,0:35,0,-1,-1,-1,-1,-1,-1,-1,100,100,100,100,-1,-1,-1,-1,-1,-1,-1,-1,-1,107729,5,,,,,,97,,,,,12805,2022-10-25 20:30:40,100.0
280,-1,-1,50,75,3:3,0,-1,-1,-1,-1,-1,-1,-1,50,100,100,25,-1,-1,-1,-1,-1,-1,-1,-1,-1,107797,6,,,,,,165,,,,,12805,2022-10-25 20:33:44,66.66666666666667
281,No mention of the zodiac sign,-1,100,100,1:56,0,-1,-1,-1,-1,-1,-1,-1,75,100,100,75,-1,-1,-1,-1,-1,-1,-1,-1,-1,107943,3,,,,,,311,,,,,12805,2022-10-25 20:35:42,91.66666666666667
282,-1,-1,100,100,1:2,0,-1,-1,-1,-1,-1,-1,-1,75,100,100,75,-1,-1,-1,-1,-1,-1,-1,-1,-1,107864,1,,,,,,232,,,,,12805,2022-10-25 20:36:52,91.66666666666667
283,-1,-1,100,100,38:46,0,-1,-1,-1,-1,-1,-1,-1,100,100,100,100,-1,-1,-1,-1,-1,-1,-1,-1,-1,107635,4,,,,,,3,,,,,12805,2022-10-25 21:15:40,100.0
284,incomplete&comma; ends abruptly,-1,75,75,3:20,0,-1,-1,-1,-1,-1,-1,-1,75,100,90,100,-1,-1,-1,-1,-1,-1,-1,-1,-1,107968,3,,,,,,336,,,,,12805,2022-10-25 21:32:26,85.83333333333333
285,Dark and dismal&comma; all about diseases,-1,100,50,4:46,0,-1,-1,-1,-1,-1,-1,-1,100,75,80,100,-1,-1,-1,-1,-1,-1,-1,-1,-1,107685,4,,,,,,53,,,,,12805,2022-10-25 21:37:14,84.16666666666667
286,-1,-1,100,100,2:19,0,-1,-1,-1,-1,-1,-1,-1,75,100,100,75,-1,-1,-1,-1,-1,-1,-1,-1,-1,107893,2,,,,,,261,,,,,12805,2022-10-25 21:39:34,91.66666666666667
287,-1,-1,100,100,1:38,0,-1,-1,-1,-1,-1,-1,-1,100,100,100,100,-1,-1,-1,-1,-1,-1,-1,-1,-1,107734,5,,,,,,102,,,,,12805,2022-10-25 21:41:13,100.0
288,-1,-1,100,100,2:2,0,-1,-1,-1,-1,-1,-1,-1,100,100,100,100,-1,-1,-1,-1,-1,-1,-1,-1,-1,107839,1,,,,,,207,,,,,12805,2022-10-25 21:43:16,100.0
289,-1,-1,100,100,4:53,0,-1,-1,-1,-1,-1,-1,-1,75,100,100,75,-1,-1,-1,-1,-1,-1,-1,-1,-1,107787,6,,,,,,155,,,,,12805,2022-10-25 21:48:11,91.66666666666667
290,-1,-1,100,100,2:26,0,-1,-1,-1,-1,-1,-1,-1,100,100,100,100,-1,-1,-1,-1,-1,-1,-1,-1,-1,107677,4,,,,,,45,,,,,12805,2022-10-25 21:50:39,100.0
291,-1,-1,100,100,1:7,0,-1,-1,-1,-1,-1,-1,-1,100,100,100,100,-1,-1,-1,-1,-1,-1,-1,-1,-1,107726,5,,,,,,94,,,,,12805,2022-10-25 21:51:47,100.0
292,-1,-1,100,100,3:6,0,-1,-1,-1,-1,-1,-1,-1,75,100,100,100,-1,-1,-1,-1,-1,-1,-1,-1,-1,107822,1,,,,,,190,,,,,12805,2022-10-25 21:54:55,95.83333333333333
293,-1,-1,100,100,0:43,0,-1,-1,-1,-1,-1,-1,-1,100,100,100,100,-1,-1,-1,-1,-1,-1,-1,-1,-1,107779,6,,,,,,147,,,,,12805,2022-10-25 21:55:39,100.0
294,-1,-1,100,100,0:29,0,-1,-1,-1,-1,-1,-1,-1,100,100,100,100,-1,-1,-1,-1,-1,-1,-1,-1,-1,107922,2,,,,,,290,,,,,12805,2022-10-25 21:56:10,100.0
295,-1,-1,100,100,1:0,0,-1,-1,-1,-1,-1,-1,-1,100,100,100,100,-1,-1,-1,-1,-1,-1,-1,-1,-1,107955,3,,,,,,323,,,,,12805,2022-10-25 21:57:11,100.0
296,-1,-1,100,100,2:50,0,-1,-1,-1,-1,-1,-1,-1,100,100,100,100,-1,-1,-1,-1,-1,-1,-1,-1,-1,107669,4,,,,,,37,,,,,12805,2022-10-25 22:00:03,100.0
297,-1,-1,100,100,2:39,0,-1,-1,-1,-1,-1,-1,-1,100,100,100,100,-1,-1,-1,-1,-1,-1,-1,-1,-1,107817,1,,,,,,185,,,,,12805,2022-10-25 22:02:44,100.0
298,-1,-1,100,100,22:30,0,-1,-1,-1,-1,-1,-1,-1,100,100,100,100,-1,-1,-1,-1,-1,-1,-1,-1,-1,107951,3,,,,,,319,,,,,12805,2022-10-25 22:25:16,100.0
299,-1,-1,100,100,0:51,0,-1,-1,-1,-1,-1,-1,-1,100,100,90,100,-1,-1,-1,-1,-1,-1,-1,-1,-1,107708,5,,,,,,76,,,,,12805,2022-10-25 22:26:09,98.33333333333333
300,-1,-1,100,100,0:37,0,-1,-1,-1,-1,-1,-1,-1,100,100,100,100,-1,-1,-1,-1,-1,-1,-1,-1,-1,107904,2,,,,,,272,,,,,12805,2022-10-25 22:26:47,100.0
301,Short love horoscopes addressed to different signs,-1,25,100,2:57,0,-1,-1,-1,-1,-1,-1,-1,25,100,100,25,-1,-1,-1,-1,-1,-1,-1,-1,-1,107754,6,,,,,,122,,,,,12805,2022-10-25 22:29:46,62.5
302,-1,-1,100,100,0:31,0,-1,-1,-1,-1,-1,-1,-1,100,100,100,100,-1,-1,-1,-1,-1,-1,-1,-1,-1,107718,5,,,,,,86,,,,,12805,2022-10-25 22:30:18,100.0
303,-1,-1,100,100,1:14,0,-1,-1,-1,-1,-1,-1,-1,75,100,100,75,-1,-1,-1,-1,-1,-1,-1,-1,-1,107812,6,,,,,,180,,,,,12805,2022-10-25 22:31:34,91.66666666666667
304,-1,-1,100,100,1:6,0,-1,-1,-1,-1,-1,-1,-1,100,100,100,100,-1,-1,-1,-1,-1,-1,-1,-1,-1,107957,3,,,,,,325,,,,,12805,2022-10-25 22:32:42,100.0
305,-1,-1,75,50,2:15,0,-1,-1,-1,-1,-1,-1,-1,100,100,90,75,-1,-1,-1,-1,-1,-1,-1,-1,-1,107665,4,,,,,,33,,,,,12805,2022-10-25 22:39:43,81.66666666666667
306,-1,-1,100,100,2:6,0,-1,-1,-1,-1,-1,-1,-1,100,100,100,100,-1,-1,-1,-1,-1,-1,-1,-1,-1,107888,2,,,,,,256,,,,,12805,2022-10-25 22:41:51,100.0
307,-1,-1,100,100,2:40,0,-1,-1,-1,-1,-1,-1,-1,100,100,100,75,-1,-1,-1,-1,-1,-1,-1,-1,-1,107863,1,,,,,,231,,,,,12805,2022-10-25 22:45:17,95.83333333333333
308,No zodiac sign mentioned.Reads more like an inspirational piece than a horoscope,-1,100,100,4:19,0,-1,-1,-1,-1,-1,-1,-1,100,100,100,75,-1,-1,-1,-1,-1,-1,-1,-1,-1,107756,6,,,,,,124,,,,,12805,2022-10-25 22:49:37,95.83333333333333
309,-1,-1,100,100,3:1,0,-1,-1,-1,-1,-1,-1,-1,75,100,100,75,-1,-1,-1,-1,-1,-1,-1,-1,-1,107854,1,,,,,,222,,,,,12805,2022-10-25 22:53:56,91.66666666666667
310,-1,-1,100,100,1:8,0,-1,-1,-1,-1,-1,-1,-1,100,100,100,100,-1,-1,-1,-1,-1,-1,-1,-1,-1,107750,5,,,,,,118,,,,,12805,2022-10-25 22:55:05,100.0
311,-1,-1,100,100,5:10,0,-1,-1,-1,-1,-1,-1,-1,75,75,100,75,-1,-1,-1,-1,-1,-1,-1,-1,-1,107905,2,,,,,,273,,,,,12805,2022-10-25 23:00:16,87.5
312,-1,-1,100,75,1:10,0,-1,-1,-1,-1,-1,-1,-1,100,100,100,100,-1,-1,-1,-1,-1,-1,-1,-1,-1,107654,4,,,,,,22,,,,,12805,2022-10-25 23:01:32,95.83333333333333
313,-1,-1,100,100,1:41,0,-1,-1,-1,-1,-1,-1,-1,75,100,100,75,-1,-1,-1,-1,-1,-1,-1,-1,-1,107964,3,,,,,,332,,,,,12805,2022-10-25 23:03:14,91.66666666666667
314,-1,-1,100,100,1:4,0,-1,-1,-1,-1,-1,-1,-1,100,100,100,100,-1,-1,-1,-1,-1,-1,-1,-1,-1,107737,5,,,,,,105,,,,,12805,2022-10-25 23:04:20,100.0
315,-1,-1,100,100,1:19,0,-1,-1,-1,-1,-1,-1,-1,100,100,100,100,-1,-1,-1,-1,-1,-1,-1,-1,-1,107967,3,,,,,,335,,,,,12805,2022-10-25 23:05:41,100.0
